event_group,days,avg_sales,median_sales
Sporting,16,35796.0625,34998.0
Cultural,37,34718.59459459459,35820.0
No event,1783,34609.33651149747,33817.0
Religious,54,34426.24074074074,34214.0
National,51,29458.50980392157,32656.0
