state_id,cat_id,validation_sales,share
CA,FOODS,339561,0.2756705018169065
CA,HOBBIES,55704,0.04522294855183298
CA,HOUSEHOLD,125905,0.10221519706697062
TX,FOODS,215685,0.17510253587537872
TX,HOBBIES,31791,0.025809327111362242
TX,HOUSEHOLD,81923,0.06650868185788836
WI,FOODS,277242,0.22507720634796927
WI,HOBBIES,28361,0.02302470278397485
WI,HOUSEHOLD,75592,0.06136889858771648
