cat_id,dept_id,validation_sales,share
FOODS,FOODS_1,102359,0.08309952231109206
FOODS,FOODS_2,165203,0.13411903578932327
FOODS,FOODS_3,564926,0.4586316859398391
HOBBIES,HOBBIES_1,102554,0.08325783185740125
HOBBIES,HOBBIES_2,13302,0.01079914658976882
HOUSEHOLD,HOUSEHOLD_1,222327,0.1804948025758181
HOUSEHOLD,HOUSEHOLD_2,61093,0.04959797493675737
