state_id,store_id,validation_sales,share
CA,CA_1,134032,0.10881305185084156
CA,CA_2,132920,0.10791028151496553
CA,CA_3,175360,0.1423649335424643
CA,CA_4,78858,0.06402038052743869
TX,TX_1,97531,0.07917994031324183
TX,TX_2,115258,0.09357149583848855
TX,TX_3,116610,0.09466910869289896
WI,WI_1,112444,0.09128696730867276
WI,WI_2,153976,0.12500446514104974
WI,WI_3,114775,0.09317937526993807
