{
  "snaive_avg_wrmsse": 0.8377259585750156,
  "model_avg_wrmsse": 0.4752413640998811,
  "trend_avg_wrmsse": 0.4713737407261391,
  "optimized_avg_wrmsse": 0.4713737407261391,
  "model_gain_abs": 0.36248459447513454,
  "model_gain_pct": 0.4327006830392677,
  "trend_gain_abs": 0.003867623373742024,
  "trend_gain_pct": 0.008138229678444337,
  "optimized_gain_abs": 0.003867623373742024,
  "optimized_gain_pct": 0.008138229678444337,
  "total_gain_pct": 0.4373174951771187,
  "actual_total_sales": 1231764.0,
  "model_total_sales": 1218655.5723876967,
  "trend_total_sales": 1226487.638303233,
  "optimized_total_sales": 1226487.638303233,
  "model_total_bias_pct": -0.010641996041695722,
  "trend_total_bias_pct": -0.004283581673735328,
  "optimized_total_bias_pct": -0.004283581673735328,
  "official_top1_avg_wrmsse": 0.5204381930360308,
  "official_top2_avg_wrmsse": 0.5281645743152866,
  "official_snaive_avg_wrmsse": 0.8470173528438624,
  "note": "Local validation d_1914..d_1941; official scores are not the same evaluation slice."
}